{"mse_training": 0.010794585570693016, "mae_training": 0.06651051342487335, "mse_train_class_one": 0.011491901241242886, "mse_train_class_two": 0.010770541615784168, "mse_train_class_thress": 0.012818168848752975, "mae_train_class_one": 0.06781817972660065, "mae_train_class_two": 0.06456401199102402, "mae_train_class_three": 0.07186766713857651, "_timestamp": 1687545994.11873, "_runtime": 2592.910124063492, "_step": 30, "mse_validation": 0.010533010587096214}